,id1,id2,if_plddt_av,if_plddt_std,ch1_plddt_av,ch1_plddt_std,ch2_plddt_av,ch2_plddt_std,plddt_av,plddt_std,num_atoms_in_interface,num_res_in_interface,metric_name,model_name
0,7EIV_A,7EIV_C,88.424343594168,6.814774068901627,92.43020033002342,5.188991835591059,89.28729823316738,9.637368587658617,90.41196417959134,8.458593353249565,218,92,result_model_1,unrelaxed_model_1
1,7EL1_A,7EL1_E,49.36696942377172,21.411388751990394,85.73935966414321,11.369929724917123,30.704587048861665,7.905892863307859,80.97065257634694,19.057641646788937,90,60,result_model_1,unrelaxed_model_1
2,7K01_1,7K01_6,83.91567996392098,8.895218932463187,73.46335734694024,13.639841128367427,85.99922155073602,9.03182866701369,79.59161408166493,13.2000411818599,242,91,result_model_1,unrelaxed_model_1
3,7LDG_A,7LDG_B,83.75371391178344,14.886352075452116,88.19738708288816,8.855320985350485,57.93836663674663,16.05053707451785,82.58112950008159,15.813854119392307,132,52,result_model_1,unrelaxed_model_1
4,7LF7_A,7LF7_M,76.79515871047693,10.44711677357907,91.20914657993126,9.22689593591169,83.46390045294716,10.538075537593652,89.17504153648089,10.17638154467066,50,25,result_model_1,unrelaxed_model_1
5,7LF7_B,7LF7_M,77.36422934418962,15.44006528265417,94.08419579039071,4.562664361758393,79.85982816338068,15.320499531653082,90.27147869449112,10.855807248517873,44,25,result_model_1,unrelaxed_model_1
6,7MEZ_A,7MEZ_B,80.57962217808043,14.081128191768657,88.33560052039176,7.931351532236201,75.90741350916926,14.453902646160678,83.90967715116084,12.260523024499955,144,59,result_model_1,unrelaxed_model_1
7,7NJ0_A,7NJ0_C,54.627503778910516,23.364453381306493,82.82545083102409,16.240399559968253,92.3242092013637,6.195097244228546,84.58568745421674,15.349531838709549,4,4,result_model_1,unrelaxed_model_1
