,id1,id2,if_plddt_av,if_plddt_std,ch1_plddt_av,ch1_plddt_std,ch2_plddt_av,ch2_plddt_std,plddt_av,plddt_std,num_atoms_in_interface,num_res_in_interface,metric_name,model_name
0,7EIV_A,7EIV_C,87.83760055407332,7.0407536544845195,92.22721890521792,5.198678096080233,89.00116126223537,9.71968563370941,90.1555838501654,8.528114117776925,214,91,result_model_1,unrelaxed_model_1
1,7EL1_A,7EL1_E,48.722026033150634,20.831290597288195,85.82809443667006,11.330683789279806,29.57898673865421,4.360539739901718,80.95416644868992,19.217349309005172,82,53,result_model_1,unrelaxed_model_1
2,7K01_1,7K01_6,80.2590554564757,14.301105655528499,73.47217791382793,13.498534955995142,86.07016417041388,8.861372614676092,79.63080350722858,13.08358048270616,292,114,result_model_1,unrelaxed_model_1
3,7LDG_A,7LDG_B,82.71890327640854,15.432217443405369,87.68857133395612,9.295443308680353,60.97640288753397,14.489512651569534,82.7306309783702,14.73741280806733,148,56,result_model_1,unrelaxed_model_1
4,7LF7_A,7LF7_M,77.53256771204016,9.974499917516388,91.39095701162927,9.04849436863752,83.79342250188799,10.160437238200902,89.39564491816186,9.932921444091258,52,26,result_model_1,unrelaxed_model_1
5,7LF7_B,7LF7_M,81.47073177671192,11.306374874776756,94.02799273688787,4.428003719165387,84.3943782736292,12.150742067771263,91.44578679828246,8.493151021842921,54,25,result_model_1,unrelaxed_model_1
6,7MEZ_A,7MEZ_B,80.48121906766868,13.058233711552152,88.0084609940186,8.313966939785875,77.44581697917442,12.766770753851477,84.24689440800313,11.319591118454895,136,56,result_model_1,unrelaxed_model_1
7,7NJ0_A,7NJ0_C,61.70648297476599,27.63012542870164,83.09579701402983,15.851512836171494,91.98518511602433,6.181136130351185,84.74310984006861,14.957173631452552,4,3,result_model_1,unrelaxed_model_1
