,id1,id2,if_plddt_av,if_plddt_std,ch1_plddt_av,ch1_plddt_std,ch2_plddt_av,ch2_plddt_std,plddt_av,plddt_std,num_atoms_in_interface,num_res_in_interface,metric_name,model_name
0,7EIV_A,7EIV_C,88.20440666827858,6.766365575193559,92.23924998104388,5.2225779653351,89.20426404322949,9.454626599206179,90.29031293274151,8.323419137499506,214,91,result_model_1,unrelaxed_model_1
1,7EL1_A,7EL1_E,62.65927733126097,28.984578780657944,85.99931828115739,11.213945700438131,43.810772954321564,8.631762005828925,82.3437237258701,16.19175942547461,4,3,result_model_1,unrelaxed_model_1
2,7K01_1,7K01_6,78.25726503061748,16.400631747155433,73.29597014188856,13.866826010015023,85.68817536127182,8.979987325870818,79.35399804161491,13.26955679238218,310,120,result_model_1,unrelaxed_model_1
3,7LDG_A,7LDG_B,82.25088221728063,15.313288914846778,87.59270916802608,9.167264458327516,60.38577408076136,14.36060239597787,82.54293712531405,14.785338136882174,144,53,result_model_1,unrelaxed_model_1
4,7LF7_A,7LF7_M,72.00574503473378,11.460780229047783,91.57203380617457,8.076430854751278,83.49992091595944,9.176793828127456,89.45208496632009,9.101259705114147,84,34,result_model_1,unrelaxed_model_1
5,7LF7_B,7LF7_M,78.13724709543264,15.18721967056748,94.1105386719252,4.510942283298585,80.08932140236392,15.664620326582051,90.3522742491562,10.919582137449709,38,23,result_model_1,unrelaxed_model_1
6,7MEZ_A,7MEZ_B,79.98596740718914,13.904647447043496,87.58313847452432,8.399312753430724,76.7228816207214,12.846226902489793,83.71558606630153,11.455927181032896,140,56,result_model_1,unrelaxed_model_1
7,7NJ0_A,7NJ0_C,62.39389730629648,29.00849140103713,82.9450335699918,16.173379579419862,91.6125239724468,6.232172258585973,84.55122602617769,15.219851475433826,28,17,result_model_1,unrelaxed_model_1
