,id1,id2,if_plddt_av,if_plddt_std,ch1_plddt_av,ch1_plddt_std,ch2_plddt_av,ch2_plddt_std,plddt_av,plddt_std,num_atoms_in_interface,num_res_in_interface,metric_name,model_name
0,7EIV_A,7EIV_C,88.0611512479836,6.826009511755845,92.11223626057283,5.327433423520411,89.24146968691639,9.379331550763307,90.26875380396011,8.27898881925678,214,92,result_model_1,unrelaxed_model_1
1,7EL1_A,7EL1_E,64.63305518970041,23.994824987446517,86.33967065911736,11.11959752296687,44.73588864924848,8.518705044840704,82.73474525065832,16.006333520950182,2,2,result_model_1,unrelaxed_model_1
2,7K01_1,7K01_6,81.44321369349981,12.588763349018057,74.06683316915844,13.213373299024994,86.04838589802317,8.897165131079873,79.92411033884022,12.798878781059331,272,108,result_model_1,unrelaxed_model_1
3,7LDG_A,7LDG_B,83.64118456133531,15.446944583402628,88.13734480919929,9.240755993021004,59.62155853785456,15.565701424983184,82.84464205429063,15.4086321777788,144,55,result_model_1,unrelaxed_model_1
4,7LF7_A,7LF7_M,73.92249464945425,11.189543044240388,91.69991007933001,7.921167954678856,84.68698691315528,8.317170671489267,89.85813227811242,8.599872168209727,84,34,result_model_1,unrelaxed_model_1
5,7LF7_B,7LF7_M,81.22973476206995,11.502565690588524,93.99641740842662,4.398906623852224,84.391453962407,12.039266272675455,91.4218911239265,8.432951798851173,60,28,result_model_1,unrelaxed_model_1
6,7MEZ_A,7MEZ_B,80.86729957675799,13.288928242356532,87.52032607757049,8.515527057161254,77.57674309553357,12.669250579319293,83.97921937758728,11.248247256393837,138,56,result_model_1,unrelaxed_model_1
7,7NJ0_A,7NJ0_C,53.94334297960775,25.07725688237062,82.66865253141665,16.240697394160588,90.98918682824754,7.677570076905991,84.21054975869487,15.370668377480147,44,26,result_model_1,unrelaxed_model_1
