,id1,id2,if_plddt_av,if_plddt_std,ch1_plddt_av,ch1_plddt_std,ch2_plddt_av,ch2_plddt_std,plddt_av,plddt_std,num_atoms_in_interface,num_res_in_interface,metric_name,model_name
0,7EIV_A,7EIV_C,88.356971972119,6.635658833248328,92.24917891955589,5.131172709685342,89.29494341828972,9.432239311000624,90.3520963182526,8.279975421985778,214,91,result_model_1,unrelaxed_model_1
1,7EL1_A,7EL1_E,51.850387446441246,24.334630623947394,85.69010141653037,11.297584523384012,30.39939045928795,7.495526107512762,80.89921753164111,19.062605722126108,74,43,result_model_1,unrelaxed_model_1
2,7K01_1,7K01_6,80.54670322203313,13.63986506079033,73.48134918172246,13.554702120357886,85.43607044720417,8.888565036680085,79.32550957752201,12.970975326852574,270,108,result_model_1,unrelaxed_model_1
3,7LDG_A,7LDG_B,84.09163226021452,14.978286243754928,88.26675419964945,8.953865376928755,59.346780872167336,15.750678673179584,82.89903187750315,15.419441160213115,132,52,result_model_1,unrelaxed_model_1
4,7LF7_A,7LF7_M,73.67440372204784,10.71393195393514,91.64183672517116,7.8156038875031335,84.49084826525848,8.12742274545054,89.76379935186075,8.502474158873104,82,32,result_model_1,unrelaxed_model_1
5,7LF7_B,7LF7_M,81.5231042391164,11.469840381941045,93.99633788002393,4.3705665733566414,85.12919359218901,11.728703089047224,91.61957755544962,8.141269647161865,60,28,result_model_1,unrelaxed_model_1
6,7MEZ_A,7MEZ_B,80.36129678036747,13.422208716800126,88.18650382399419,7.932765274962858,77.04249781593518,13.486009653344126,84.21790272607215,11.565607953571996,136,56,result_model_1,unrelaxed_model_1
7,7NJ0_A,7NJ0_C,75.27078006867303,10.135396981126178,82.5870381362445,16.365452706287105,91.59475955964174,6.310140525305103,84.2562795805254,15.421564502122518,2,2,result_model_1,unrelaxed_model_1
